Date,return,port_value
2018-04-02,0.00011730371383444904,1.0001173037138344
2018-04-03,0.004809718290099907,1.0049270220039344
2018-04-04,0.011776780063922132,1.0167038020678565
2018-04-05,0.002474302440213183,1.0191781045080697
2018-04-06,-0.013175988869454924,1.0060021156386147
2018-04-09,0.0011607863458233947,1.0071629019844381
2018-04-10,0.0075596669607505,1.0147225689451886
2018-04-11,-0.004184264817723937,1.0105383041274647
2018-04-12,-3.703132707855161e-05,1.0105012728003862
2018-04-13,-0.0004447206928337444,1.0100565521075524
2018-04-16,0.011031925220833072,1.0210884773283855
2018-04-17,0.01282352427117428,1.0339120015995598
2018-04-18,-0.00025685428396027277,1.0336551473155995
2018-04-19,-0.0037737791285654687,1.029881368187034
2018-04-20,-0.006118158484733405,1.0237632097023006
2018-04-23,0.0012273896916059623,1.0249905993939066
2018-04-24,-0.0036605623232646156,1.021330037070642
2018-04-25,-0.007902202271911962,1.01342783479873
2018-04-26,0.010328826765645394,1.0237566615643754
2018-04-27,0.004593304649486374,1.0283499662138618
2018-04-30,-0.006276429259394201,1.0220735369544676
2018-05-01,0.0007992421088014456,1.022872779063269
2018-05-02,-0.009276282974084005,1.013596496089185
2018-05-03,0.00422691550075216,1.0178234115899372
2018-05-04,0.0025124162286180862,1.0203358278185553
2018-05-07,-0.0015613681326682727,1.018774459685887
2018-05-08,-0.00959223389004471,1.0091822257958423
2018-05-09,-0.0002553245292471473,1.0089269012665951
2018-05-10,0.010261673331651178,1.0191885745982463
2018-05-11,0.005879825024297958,1.0250683996225443
2018-05-14,0.0015983133156607376,1.026666712938205
2018-05-15,-0.008506931552275221,1.0181597813859298
2018-05-16,0.00018428379533341754,1.0183440651812632
2018-05-17,-0.004203306253872219,1.014140758927391
2018-05-18,0.004269931279593964,1.018410690206985
2018-05-21,0.0027856412281848097,1.0211963314351697
2018-05-22,-0.0037364773160382114,1.0174598541191315
2018-05-23,0.008041145354563461,1.025500999473695
2018-05-24,0.004079731728479752,1.0295807312021747
2018-05-25,0.00011970388436899349,1.0297004350865437
2018-05-29,-0.0009148906203573226,1.0287855444661864
2018-05-30,0.010776117701854382,1.0395616621680408
2018-05-31,-0.01053502394623318,1.0290266382218076
2018-06-01,-0.0004989245493713934,1.0285277136724362
2018-06-04,0.0020327359174108217,1.030560449589847
2018-06-05,-0.003099821527835278,1.0274606280620118
2018-06-06,-0.00172682522660339,1.0257338028354084
2018-06-07,-0.0013647875116185038,1.0243690153237899
2018-06-08,0.004949364719994076,1.029318380043784
2018-06-11,-0.0024293152057359713,1.026889064838048
2018-06-12,0.007109742809737307,1.0339988076477853
2018-06-13,-0.002224025392358886,1.0317747822554264
2018-06-14,0.007313560825238152,1.0390883430806646
2018-06-15,0.005110204155760245,1.0441985472364248
2018-06-18,0.0021731551238832747,1.046371702360308
2018-06-19,0.0014297873655033655,1.0478014897258114
2018-06-20,0.001612517876780295,1.0494140076025917
2018-06-21,-0.0037169716011369314,1.0456970360014548
2018-06-22,0.0020768009147951183,1.04777383691625
2018-06-25,-0.0035291051262240636,1.0442447317900259
2018-06-26,0.0016052611196260003,1.0458499929096519
2018-06-27,-0.0024919909749108182,1.043358001934741
2018-06-28,0.004779829774250954,1.048137831708992
2018-06-29,0.003092692033264788,1.0512305237422568
2018-07-02,0.0029677479085039593,1.0541982716507607
2018-07-03,0.0007977833899881492,1.054996055040749
2018-07-05,0.005464727896827171,1.060460782937576
2018-07-06,0.008651593681960446,1.0691123766195365
2018-07-09,-0.007851249317140763,1.0612611273023957
2018-07-10,0.0041911965411263186,1.065452323843522
2018-07-11,0.0009585657622268595,1.066410889605749
2018-07-12,0.007074691228324603,1.0734855808340735
2018-07-13,-0.0004273580096150198,1.0730582228244585
2018-07-16,-0.005769063897092641,1.0672891589273659
2018-07-17,0.0007874844740747289,1.0680766434014406
2018-07-18,0.0004260816705425885,1.0685027250719832
2018-07-19,0.007075713504414161,1.0755784385763973
2018-07-20,-0.002614371306676855,1.0729640672697205
2018-07-23,-0.0026335589364083756,1.0703305083333121
2018-07-24,-0.0005290695801731804,1.069801438753139
2018-07-25,0.004863944919837548,1.0746653836729765
2018-07-26,0.02272626074774653,1.097391644420723
2018-07-27,-0.008471802806506501,1.0889198416142165
2018-07-30,-0.011481737782574886,1.0774381038316416
2018-07-31,0.021582297285874352,1.099020401117516
2018-08-01,-0.002041900113926909,1.096978501003589
2018-08-02,0.007764057027231708,1.1047425580308208
2018-08-03,0.003719861926370527,1.1084624199571913
2018-08-06,0.0041459132468977256,1.112608333204089
2018-08-07,0.0012056459057825375,1.1138139791098716
2018-08-08,0.002191655540409787,1.1160056346502814
2018-08-09,0.0019509377515281034,1.1179565724018095
2018-08-10,-0.0016585904469774704,1.116297981954832
2018-08-13,0.0007091369705065631,1.1170071189253385
2018-08-14,0.005712846567108354,1.122719965492447
2018-08-15,-0.004731784370451075,1.1179881811219958
2018-08-16,0.006076463474419702,1.1240646445964155
2018-08-17,0.003315557767069599,1.1273802023634851
2018-08-20,-0.0003896156368208281,1.1269905867266643
2018-08-21,0.0002844058405306882,1.127274992567195
2018-08-22,-0.004209868029986907,1.123065124537208
2018-08-23,-0.00014236919342991428,1.1229227553437782
2018-08-24,0.007241934291965846,1.130164689635744
2018-08-27,0.00017216505879513733,1.1303368546945392
2018-08-28,-0.0009383661325967907,1.1293984885619424
2018-08-29,0.006498425737915481,1.1358969142998578
2018-08-30,-0.003658076310120828,1.132238837989737
2018-08-31,-2.496920656613888e-05,1.1322138687831709
2018-09-04,0.002941414416676613,1.1351552831998475
2018-09-05,0.0037106118148404477,1.138865895014688
2018-09-06,0.0046489862967769024,1.1435148813114648
2018-09-07,-0.006182940735061759,1.137331940576403
2018-09-10,0.0037704660862192263,1.1411024066626223
2018-09-11,-0.0001113064596980351,1.1409911002029243
2018-09-12,0.002196229952105,1.1431873301550293
2018-09-13,0.007371023175968494,1.1505583533309978
2018-09-14,0.001812547542890064,1.1523709008738878
2018-09-17,-0.006262472696395127,1.1461084281774927
2018-09-18,0.0015025491242510736,1.1476109773017438
2018-09-19,-0.008953465039126307,1.1386575122626175
2018-09-20,0.0002905666052297473,1.1389480788678472
2018-09-21,0.0030123345195725015,1.1419604133874197
2018-09-24,-0.0032183324502832455,1.1387420809371365
2018-09-25,-0.004636742487519996,1.1341053384496165
2018-09-26,-0.005174422440523019,1.1289309160090935
2018-09-27,0.007074220628327632,1.136005136637421
2018-09-28,0.009212290951914337,1.1452174275893354
2018-10-01,0.0003233848901569303,1.1455408124794924
2018-10-02,0.002556025496972314,1.1480968379764647
2018-10-03,-0.002527152175093139,1.1455696858013715
2018-10-04,-0.011165170313178097,1.1344045154881934
2018-10-05,0.002424616396716317,1.1368291318849097
2018-10-08,-0.0027816800654254514,1.1340474518194843
2018-10-09,-0.0007079042440889527,1.1333395475753953
2018-10-10,-0.023191424825906637,1.1101481227494887
2018-10-11,-0.017166190154807026,1.0929819325946817
2018-10-12,0.010224654441228997,1.1032065870359107
2018-10-15,0.007578532256614867,1.1107851192925255
2018-10-16,0.022365047412306716,1.1331501667048323
2018-10-17,-0.002462723558158686,1.1306874431466736
2018-10-18,-0.008487360606772132,1.1222000825399014
2018-10-19,-0.0012181403299937887,1.1209819422099077
2018-10-22,-0.0007739592974191911,1.1202079829124885
2018-10-23,-0.005015721308638588,1.1151922616038499
2018-10-24,-0.0077786801585884024,1.1074135814452615
2018-10-25,-0.009964055736434219,1.0974495257088273
2018-10-26,-0.019456563953700767,1.0779929617551265
2018-10-29,-0.002828919293962784,1.0751640424611637
2018-10-30,0.012520898879819109,1.0876849413409828
2018-10-31,-0.0012341882133255488,1.0864507531276573
2018-11-01,-0.0019276229207141338,1.0845231302069431
2018-11-02,-0.0014318455660873308,1.0830912846408558
2018-11-05,0.00764474726319575,1.0907360319040516
2018-11-06,0.006540455804864731,1.0972764877089163
2018-11-07,0.018953415948331775,1.116229903657248
2018-11-08,0.003626469265759269,1.1198563729230073
2018-11-09,0.0032973113275842625,1.1231536842505916
2018-11-12,-0.010213951207113325,1.1129397330434783
2018-11-13,0.0008636669984003476,1.1138034000418786
2018-11-14,-0.007175298123259566,1.106628101918619
2018-11-15,0.011412276884518402,1.1180403788031374
2018-11-16,0.008097180581854602,1.126137559384992
2018-11-19,-0.013950808232289225,1.1121867511527028
2018-11-20,0.00021607681310964466,1.1124028279658125
2018-11-21,-0.005318516593568523,1.107084311372244
2018-11-23,0.00055326613096085,1.1076375775032048
2018-11-26,0.00624736559809147,1.1138849431012963
2018-11-27,0.00141245921593125,1.1152974023172275
2018-11-28,0.015579676056631131,1.1308770783738586
2018-11-29,0.005598496061552494,1.1364755744354111
2018-11-30,0.011781157730633263,1.1482567321660444
2018-12-03,0.010928491104058358,1.1591852232701028
2018-12-04,-0.01253080085191205,1.1466544224181907
2018-12-06,-0.0023097170691612767,1.1443447053490294
2018-12-07,-0.015096927159372608,1.1292477781896568
2018-12-10,0.006449598763437869,1.1356973769530947
2018-12-11,0.003800860743025325,1.13949823769612
2018-12-12,0.000886604530864199,1.1403848422269842
2018-12-13,0.005208830396231878,1.145593672623216
2018-12-14,-0.015885509446673662,1.1297081631765424
2018-12-17,-0.02669500614827136,1.103013157028271
2018-12-18,-0.005874553284758832,1.0971386037435122
2018-12-19,-0.01153535380803028,1.085603249935482
2018-12-20,-0.007664604042786127,1.0779386458926958
2018-12-21,-0.015395750626924665,1.0625428952657712
2018-12-24,-0.031846018330761616,1.0306968769350096
2018-12-26,0.025283959786589705,1.0559808367215993
2018-12-27,0.009692962857969833,1.065673799579569
2018-12-28,-0.001422364110697849,1.0642514354688712
2018-12-31,0.008758763183289053,1.0730101986521603
2019-01-02,-0.01877751695800156,1.0542326816941587
2019-01-03,-0.012030722854755593,1.0422019588394031
2019-01-04,0.018317735476784724,1.0605196943161879
2019-01-07,0.0027845197397811106,1.063304214055969
2019-01-08,0.010847820202051661,1.0741520342580206
2019-01-09,0.00491717582368989,1.0790692100817105
2019-01-10,0.009697400829679959,1.0887666109113905
2019-01-11,0.0010927854984208452,1.0898593964098113
2019-01-14,-0.008041843555429695,1.0818175528543816
2019-01-15,0.014413393197472812,1.0962309460518544
2019-01-16,0.002891451489118957,1.0991223975409734
2019-01-17,0.006370023013489323,1.1054924205544627
2019-01-18,0.007557501592371674,1.1130499221468344
2019-01-22,-0.003554002765195685,1.1094959193816387
2019-01-23,0.007002870902569569,1.1164987902842083
2019-01-24,0.003136488000239357,1.1196352782844476
2019-01-25,-0.0035473513075618968,1.1160879269768857
2019-01-28,-0.003798754670610638,1.112289172306275
2019-01-29,0.004064648388192538,1.1163538206944676
2019-01-30,0.003213481537674534,1.1195673022321422
2019-01-31,0.013663419834877288,1.1332307220670195
2019-02-01,-0.00708255173582506,1.1261481703311944
2019-02-04,0.007175543227769365,1.1333237135589638
2019-02-05,0.0004588547998591874,1.133782568358823
2019-02-06,0.002086136866063182,1.1358687052248861
2019-02-07,0.0007923826701377035,1.1366610878950238
2019-02-08,0.005493371353760601,1.1421544592487844
2019-02-11,0.0009972322251299293,1.1431516914739144
2019-02-12,0.009397505839433551,1.152549197313348
2019-02-13,-0.0006325561126296897,1.1519166412007182
2019-02-14,-0.008877665991195549,1.1430389752095227
2019-02-15,0.008566708111009014,1.1516056833205317
2019-02-19,0.00509731320388962,1.1567029965244213
2019-02-20,0.0012436577227938894,1.1579466542472152
2019-02-21,0.0035815240991079467,1.1615281783463232
2019-02-22,0.011358945447069058,1.1728871237933922
2019-02-25,-0.004699558080933475,1.1681875657124587
2019-02-26,-0.005920971817114484,1.1622665938953443
2019-02-27,-0.001045194527700799,1.1612213993676435
2019-02-28,0.0023955177944399164,1.1636169171620834
2019-03-01,0.005874871328727771,1.1694917884908111
2019-03-04,-0.007873920725499861,1.1616178677653113
2019-03-05,0.000699488759466238,1.1623173565247775
2019-03-06,-0.004214190009049101,1.1581031665157284
2019-03-07,0.0006746100634720253,1.1587777765792004
2019-03-08,0.0001182453570933717,1.1588960219362938
2019-03-11,0.009584714556816865,1.1684807364931107
2019-03-12,0.004189223581458679,1.1726699600745694
2019-03-13,0.007631043095309709,1.180301003169879
2019-03-14,0.0008036747641817499,1.1811046779340608
2019-03-15,0.0072025612927917315,1.1883072392268526
2019-03-18,-0.00024743730575726985,1.1880598019210953
2019-03-19,-0.0028200150778467936,1.1852397868432485
2019-03-20,-0.0029903210477382203,1.1822494657955103
2019-03-21,0.01417132637820906,1.1964207921737193
2019-03-22,-0.011917219066764018,1.1845035731069553
2019-03-25,0.004412306001265076,1.1889158791082204
2019-03-26,0.0033742627940280823,1.1922901419022485
2019-03-27,-0.0036505818929772893,1.1886395600092712
2019-03-28,-0.0007720573140042042,1.187867502695267
2019-03-29,0.013297595407659957,1.201165098102927
2019-04-01,0.0004785039183921036,1.201643602021319
2019-04-02,0.0005033238931437811,1.2021469259144628
2019-04-03,-0.0002448191206712025,1.2019021067937916
2019-04-04,-0.0037950633606196327,1.198107043433172
2019-04-05,0.009508644057929505,1.2076156874911015
2019-04-08,-0.0072221265861756034,1.2003935609049259
2019-04-09,-0.003193939339391605,1.1971996215655343
2019-04-10,0.00046244032944220415,1.1976620618949765
2019-04-11,0.002079944021793345,1.1997420059167698
2019-04-12,0.0044297023139403535,1.2041717082307102
2019-04-15,0.003704340717091803,1.207876048947802
2019-04-16,-0.017073227446024575,1.1908028215017774
2019-04-17,-0.009056571192767482,1.18174625030901
2019-04-18,0.006053453177724322,1.1877997034867342
2019-04-22,0.004312035966855365,1.1921117394535896
2019-04-23,0.008561948264518948,1.2006736877181086
2019-04-24,0.0008011042255873235,1.2014747919436959
2019-04-25,0.014508870785732597,1.2159836627294285
2019-04-26,0.0018801321003374394,1.217863794829766
2019-04-29,-0.005808771025262116,1.2120550238045038
2019-04-30,0.01323249722781239,1.2252875210323162
2019-05-01,-0.0096057954501918,1.2156817255821244
2019-05-02,0.005133043113466407,1.2208147686955908
2019-05-03,0.008777018966858785,1.2295917876624496
2019-05-06,0.0014878949467764802,1.231079682609226
2019-05-07,-0.007976920108967,1.223102762500259
2019-05-08,-0.005957569032219334,1.2171451934680397
2019-05-09,-0.00043787442409426447,1.2167073190439455
2019-05-10,0.009861417471927147,1.2265687365158726
2019-05-13,-0.006717996478327493,1.2198507400375451
2019-05-14,-0.0006684271108718942,1.2191823129266732
2019-05-15,0.002707585486959818,1.221889898413633
2019-05-16,0.010600492914689674,1.2324903913283227
2019-05-17,0.0016375079158315042,1.2341278992441542
2019-05-20,0.002256478807805218,1.2363843780519594
2019-05-21,0.002977587681838756,1.2393619657337982
2019-05-22,0.006803102470430922,1.2461650682042291
2019-05-23,-0.004894671336963308,1.2412703968672658
2019-05-24,0.006109110027380016,1.2473795068946458
2019-05-28,-0.011895027062707175,1.2354844798319387
2019-05-29,-0.009345375462788796,1.2261391043691499
2019-05-30,0.0015133576817294436,1.2276524620508793
2019-05-31,0.0005691619439114337,1.2282216239947907
2019-06-03,0.00454154551024244,1.2327631695050332
2019-06-04,0.010649998537638261,1.2434131680426714
2019-06-05,0.018836818830952895,1.2622499868736243
2019-06-06,0.007422293473791086,1.2696722803474154
2019-06-07,0.005785815125153526,1.275458095472569
2019-06-10,0.0016693980334137049,1.2771274935059826
2019-06-11,-0.008943463633892312,1.2681840298720903
2019-06-12,0.01263614423213566,1.280820174104226
2019-06-13,0.0016357054163564921,1.2824558795205825
2019-06-14,0.0022916475483607535,1.2847475270689432
2019-06-17,-0.0005355292123847555,1.2842119978565585
2019-06-18,0.005762357594553347,1.2899743554511118
2019-06-19,0.01047449228367725,1.300448847734789
2019-06-20,0.006734642821250469,1.3071834905560396
2019-06-21,0.0001341852058869275,1.3073176757619265
2019-06-24,-0.003050728615159315,1.3042669471467672
2019-06-25,-0.003884781231723311,1.3003821659150439
2019-06-26,-0.015355805538487921,1.285026360376556
2019-06-27,0.0031089114190188116,1.2881352717955747
2019-06-28,0.007137856421401301,1.295273128216976
2019-07-01,-0.004752090524416719,1.2905210376925593
2019-07-02,0.01026801464543281,1.3007890523379921
2019-07-03,0.011481725622513927,1.312270777960506
2019-07-05,-0.0017529044671511507,1.310517873493355
2019-07-08,0.00016577080714985648,1.3106836443005048
2019-07-09,0.00453096748847126,1.315214611788976
2019-07-10,0.002362327860954583,1.3175769396499306
2019-07-11,0.0033639358220203253,1.320940875471951
2019-07-12,-0.012143707056111452,1.3087971684158395
2019-07-15,0.0018348415072171331,1.3106320099230566
2019-07-16,-0.002926070569750694,1.307705939353306
2019-07-17,0.0023100837268021923,1.3100160230801081
2019-07-18,0.007110900905312967,1.317126923985421
2019-07-19,-0.015247340371062013,1.301879583614359
2019-07-22,0.0027800832311770662,1.3046596668455361
2019-07-23,-0.0021280142650916822,1.3025316525804445
2019-07-24,-0.0021259379432099212,1.3004057146372345
2019-07-25,0.012398527970256534,1.312804242607491
2019-07-26,0.01032203325559089,1.323126275863082
2019-07-29,0.006769497229423438,1.3298957730925054
2019-07-30,-0.010477748243892693,1.3194180248486127
2019-07-31,-0.008079949277669973,1.3113380755709427
2019-08-01,0.009549628712435476,1.3208877042833782
2019-08-02,-0.014294405950135536,1.3065932983332427
2019-08-05,-0.012581840964257074,1.2940114573689856
2019-08-06,0.020447307897659472,1.314458765266645
2019-08-07,0.005596796993338815,1.3200555622599839
2019-08-08,0.01979340725089407,1.339848969510878
2019-08-09,0.0022818339194461412,1.342130803430324
2019-08-12,-0.009636291381927675,1.3324945120483964
2019-08-13,0.011738568237322777,1.3442330802857192
2019-08-14,-0.019767181712305737,1.3244658985734135
2019-08-15,0.01298180577338992,1.3374477043468034
2019-08-16,0.0048985107161665375,1.34234621506297
2019-08-19,0.01140909291561365,1.3537553079785836
2019-08-20,-0.0031794999268477397,1.3505758080517358
2019-08-21,0.010659627694252105,1.361235435745988
2019-08-22,0.0003941460048511036,1.361629581750839
2019-08-23,-0.01597878359067506,1.345650798160164
2019-08-26,0.017979310591084374,1.3636301087512483
2019-08-27,0.006520900263650153,1.3701510090148985
2019-08-28,0.00018761974157666117,1.3703386287564752
2019-08-29,0.010397661269116343,1.3807362900255915
2019-08-30,-0.004100659022905351,1.3766356310026862
2019-09-03,0.007040186765288059,1.3836758177679742
2019-09-04,0.007446020849076085,1.3911218386170503
2019-09-05,-0.005581183487007202,1.385540655130043
2019-09-06,-0.015185193521611628,1.3703554616084315
2019-09-09,-0.03276041449771827,1.3375950471107132
2019-09-10,-0.009661177175500857,1.3279338699352123
2019-09-11,0.015001626341196284,1.3429354962764086
2019-09-12,0.007053074744982402,1.349988571021391
2019-09-13,-0.005897045799335698,1.3440915252220553
2019-09-16,-0.0011068419032518317,1.3429846833188035
2019-09-17,0.013771469457300123,1.3567561527761036
2019-09-18,-0.0004534009619094892,1.3563027518141941
2019-09-19,0.006876634429174855,1.363179386243369
2019-09-20,0.0020263398720015147,1.3652057261153705
2019-09-23,0.003386444434634761,1.3685921705500053
2019-09-24,0.000363884756351851,1.3689560553063571
2019-09-25,0.007652936940103938,1.376608992246461
2019-09-26,-0.002223883911974811,1.3743851083344862
2019-09-27,-0.011672678334471387,1.3627124300000149
2019-09-30,0.005357830771397065,1.368070260771412
2019-10-01,-0.009676143799083547,1.3583941169723284
2019-10-02,-0.013387106329427745,1.3450070106429006
2019-10-03,0.009686785123145025,1.3546937957660456
2019-10-04,0.01772609841030337,1.372419894176349
2019-10-07,-0.009142240739989038,1.36327765343636
2019-10-08,-0.01476560687674544,1.3485120465596145
2019-10-09,0.012657453473145397,1.36116950003276
2019-10-10,0.0037632172616097748,1.3649327172943697
2019-10-11,-0.0038657077543429175,1.3610670095400268
2019-10-14,-0.009031527104482073,1.3520354824355447
2019-10-15,0.0025592038734543188,1.354594686308999
2019-10-16,-0.0021018593545822917,1.3524928269544167
2019-10-17,0.007917523835265339,1.360410350789682
2019-10-18,3.7161198938928663e-05,1.360447511988621
2019-10-21,-0.0007030748800476161,1.3597444371085734
2019-10-22,-0.00014900487433977538,1.3595954322342336
2019-10-23,-0.0030594503193961398,1.3565359819148375
2019-10-24,0.005067964382296175,1.3616039462971337
2019-10-25,-0.004493451477403987,1.3571104948197297
2019-10-28,-0.003478703241400316,1.3536317915783294
2019-10-29,0.003572788079932776,1.3572045796582621
2019-10-30,0.015233367530615771,1.372437947188878
2019-10-31,-3.6254838191585037e-06,1.3724343217050587
2019-11-01,-0.0005757273281503661,1.3718585943769084
2019-11-04,-0.014753616679556325,1.357104977697352
2019-11-05,-0.009419749000999955,1.347685228696352
2019-11-06,0.0036658711479011785,1.3513510998442533
2019-11-07,-0.012184067190957881,1.3391670326532954
2019-11-08,-0.0076606130254510685,1.3315064196278443
2019-11-11,-0.006363093640499917,1.3251433259873444
2019-11-12,0.003683351520109124,1.3288266775074535
2019-11-13,0.011147007697462907,1.3399736852049164
2019-11-14,0.0034325360759059897,1.3434062212808224
2019-11-15,0.010243254650714295,1.3536494759315367
2019-11-18,-0.0007116065558070428,1.3529378693757297
2019-11-19,0.004586424526381805,1.3575242939021115
2019-11-20,0.0016900777296886549,1.3592143716318001
2019-11-21,-0.008744201388045658,1.3504701702437545
2019-11-22,0.000975586040594667,1.3514457562843492
2019-11-25,-0.0016916396281638768,1.3497541166561853
2019-11-26,0.009598069334747494,1.3593521859909328
2019-11-27,0.0026937515571980875,1.3620459375481309
2019-11-29,-0.010368072767316328,1.3516778647808145
2019-12-02,-0.006401521813905742,1.3452763429669088
2019-12-03,-0.000883880272029236,1.3443924626948796
2019-12-04,0.008001804702955972,1.3523942673978355
2019-12-05,0.004876525358743944,1.3572707927565795
2019-12-06,0.001475655858121483,1.358746448614701
2019-12-09,-0.00853539463250863,1.3502110539821923
2019-12-10,0.004086021548705077,1.3542970755308974
2019-12-11,0.004936198337382347,1.3592332738682797
2019-12-12,-0.0027121662295646054,1.3565211076387151
2019-12-13,0.0038189575340323856,1.3603400651727475
2019-12-16,0.017115539504668487,1.377455604677416
2019-12-17,0.0030180517505697946,1.3804736564279858
2019-12-18,0.0043103562819597485,1.3847840127099456
2019-12-19,0.006366743290926902,1.3911507560008725
2019-12-20,0.01041471987474285,1.4015654758756153
2019-12-23,-0.008676515982589228,1.392888959893026
2019-12-24,0.001296006478362255,1.3941849663713883
2019-12-26,0.0008656854629676136,1.395050651834356
2019-12-27,0.004315597617530642,1.3993662494518866
2019-12-30,-0.002678056123287309,1.3966881933285993
2019-12-31,-0.0017332450116454012,1.3949549483169539
2020-01-02,-0.003945287654894214,1.3910096606620597
2020-01-03,0.003750526163579071,1.3947601868256387
2020-01-06,0.0031698445597110325,1.3979300313853498
2020-01-07,-0.002585831593391541,1.3953441997919582
2020-01-08,0.001054370594296472,1.3963985703862547
2020-01-09,0.010844840737843864,1.4072434111240986
2020-01-10,0.0066891254018912605,1.4139325365259898
2020-01-13,0.008175556026712272,1.422108092552702
2020-01-14,0.0028508364306565337,1.4249589289833586
2020-01-15,0.010623615335373371,1.435582544318732
2020-01-16,0.013594824279121509,1.4491773685978535
2020-01-17,0.003153032309928472,1.452330400907782
2020-01-21,0.010360320567687653,1.4626907214754696
2020-01-22,0.004319680405868276,1.467010401881338
2020-01-23,0.001508251702033503,1.4685186535833714
2020-01-24,-0.004817927830931712,1.4637007257524397
2020-01-27,-0.00980932926106326,1.4538913964913764
2020-01-28,0.004338717665105962,1.4582301141564824
2020-01-29,0.0033774981050143094,1.4616076122614967
2020-01-30,0.005981569573240364,1.467589181834737
2020-01-31,-0.018395705145350494,1.4491934766893866
2020-02-03,0.01183718538362033,1.461030662073007
2020-02-04,0.0005402886228356163,1.4615709506958425
2020-02-05,0.010484329304139672,1.4720552799999822
2020-02-06,0.00239107656536941,1.4744463565653516
2020-02-07,-0.001512468757583152,1.4729338878077685
2020-02-10,0.0030808101391786025,1.476014697946947
2020-02-11,0.004782251308713237,1.4807969492556603
2020-02-12,0.006947642963184952,1.4877445922188453
2020-02-13,0.023024066763809525,1.5107686589826548
2020-02-14,0.00908780839967016,1.519856467382325
2020-02-18,0.005939153226977689,1.5257956206093026
2020-02-19,4.631909676899859e-05,1.5258419397060716
2020-02-20,-0.009372097179949579,1.516469842526122
2020-02-21,-0.004606647393612828,1.5118631951325092
2020-02-24,-0.02869127088714496,1.4831719242453643
2020-02-25,-0.03301548897753159,1.4501564352678327
2020-02-26,-0.005886776951269157,1.4442696583165635
2020-02-27,-0.048845417428103666,1.3954242408884598
2020-02-28,-0.030853626220773034,1.3645706146676868
2020-03-02,0.05798913131078032,1.4225597459784671
2020-03-03,-0.009109844814469081,1.413449901163998
2020-03-04,0.07860037995103464,1.4920502811150327
2020-03-05,-0.019931247756953985,1.4721190333580787
2020-03-06,-0.00671737324948718,1.4654016601085915
2020-03-09,-0.055780594269523975,1.4096210658390675
2020-03-10,0.019071984733170844,1.4286930505722384
2020-03-11,-0.03978801806413146,1.388905032508107
2020-03-12,-0.08026288345992505,1.3086421490481819
2020-03-13,0.08441090228730674,1.3930530513354886
2020-03-16,-0.12189747374001292,1.2711555775954757
2020-03-17,0.10789334110481708,1.3790489187002928
2020-03-18,0.0028334596291386127,1.3818823783294314
2020-03-19,-0.08425044947930083,1.2976319288501306
2020-03-20,-0.1411736184932939,1.1564583103568367
2020-03-23,-0.03447622371661363,1.121982086640223
2020-03-24,0.10553352388834192,1.227515610528565
2020-03-25,0.008708507035729118,1.236224117564294
2020-03-26,0.07283012080103668,1.3090542383653307
2020-03-27,-0.0049384975860475855,1.3041157407792832
2020-03-30,0.04330699281340311,1.3474227335926863
2020-03-31,-0.01991620748258982,1.3275065261100965
2020-04-01,-0.03985107625357576,1.2876554498565207
2020-04-02,0.0398801108461424,1.327535560702663
2020-04-03,-0.035470703983771834,1.2920648567188913
2020-04-06,0.07247862984334108,1.3645434865622323
2020-04-07,-0.02536769640023806,1.3391757901619943
2020-04-08,0.04860704548375705,1.3877828356457513
2020-04-09,0.028310670522428527,1.4160935061681799
2020-04-13,-0.02833044899733439,1.3877630571708455
2020-04-14,0.04496318718832404,1.4327262443591695
2020-04-15,-0.018135827125213666,1.4145904172339558
2020-04-16,0.02531366661808576,1.4399040838520416
2020-04-17,0.01873644860027479,1.4586405324523164
2020-04-20,-0.03086360861507975,1.4277769238372366
2020-04-21,-0.02518009484406969,1.402596828993167
2020-04-22,0.02237953229234413,1.424976361285511
2020-04-23,0.025524699965740583,1.4505010612512517
2020-04-24,0.01719232181926489,1.4676933830705166
2020-04-27,0.0011985983239997111,1.4688919813945163
2020-04-28,0.00470755173095827,1.4735995331254745
2020-04-29,-0.0104105216972048,1.4631890114282697
2020-04-30,-0.01765922564051392,1.4455297857877558
2020-05-01,-0.015220040925536749,1.430309744862219
2020-05-04,-0.002347335798842165,1.427962409063377
2020-05-05,0.022021031961241277,1.4499834410246182
2020-05-06,-0.02360566833238842,1.4263777726922298
2020-05-07,0.002377653761116205,1.428755426453346
2020-05-08,0.006429233900647979,1.435184660353994
2020-05-11,0.020268746944961835,1.4554534072989558
2020-05-12,-0.014854139582186399,1.4405992677167694
2020-05-13,-0.007650686654034455,1.432948581062735
2020-05-14,0.014919947508530429,1.4478685285712654
2020-05-15,0.01296034359030429,1.4608288721615696
2020-05-18,0.030509642929229308,1.491338515090799
2020-05-19,-0.019096906217763054,1.472241608873036
2020-05-20,0.007030835817854575,1.4792724446908905
2020-05-21,-0.00031098398387019444,1.4789614607070203
2020-05-22,0.0005390875428543662,1.4795005482498746
2020-05-26,-0.004515023757869274,1.4749855244920054
2020-05-27,0.0051323921637393966,1.4801179166557448
2020-05-28,0.030718680887689365,1.5108365975434341
2020-05-29,0.03803880828517037,1.5488754058286045
2020-06-01,0.000746983243137711,1.5496223890717422
2020-06-02,0.0028273406849694815,1.5524497297567117
2020-06-03,-0.0036167850467530016,1.5488329447099587
2020-06-04,-0.020489977951513305,1.5283429667584454
2020-06-05,0.00447362514204519,1.5328165919004906
2020-06-08,0.015411397304232688,1.5482279892047233
2020-06-09,-0.01232401055013499,1.5359039786545883
2020-06-10,0.011229656470753024,1.5471336351253413
2020-06-11,-0.05509094850220886,1.4920426866231324
2020-06-12,-0.008090648423997981,1.4839520381991345
2020-06-15,0.017065242206352416,1.5010172804054869
2020-06-16,0.013202027916912051,1.514219308322399
2020-06-17,0.0008948088321847347,1.5151141171545837
2020-06-18,-0.0021914216518827967,1.5129226955027009
2020-06-19,-0.002694263078575565,1.5102284324241253
2020-06-22,0.0022353276273316958,1.512463760051457
2020-06-23,-0.0056248678881034575,1.5068388921633535
2020-06-24,-0.01564288939702596,1.4911960027663276
2020-06-25,0.008767293162038836,1.4999632959283664
2020-06-26,-0.006820401914794383,1.493142894013572
2020-06-29,0.010536341658589743,1.5036792356721618
2020-06-30,0.023628688508384732,1.5273079241805465
2020-07-01,0.007240248868908283,1.5345481730494548
2020-07-02,0.01348652094844982,1.5480346939979046
2020-07-06,0.0099564061612738,1.5579911001591784
2020-07-07,-0.015139806814464585,1.5428512933447138
2020-07-08,0.0015836895087320002,1.5444349828534458
2020-07-09,0.0030067230091892494,1.547441705862635
2020-07-10,-0.004024872171987992,1.543416833690647
2020-07-13,-0.007199366525812101,1.536217467164835
2020-07-14,0.018983242018782542,1.5552007091836175
2020-07-15,0.016477344547852546,1.57167805373147
2020-07-16,-0.002557370844321172,1.569120682887149
2020-07-17,0.03544901652996146,1.6045696994171104
2020-07-20,0.011334863633677417,1.6159045630507878
2020-07-21,0.0037625956700708674,1.6196671587208586
2020-07-22,0.022469090064424657,1.6421362487852833
2020-07-23,0.0101175015018371,1.6522537502871204
2020-07-24,-0.0026211668834297264,1.6496325834036907
2020-07-27,0.015863473845315612,1.6654960572490063
2020-07-28,-0.002573409176672925,1.6629226480723334
2020-07-29,0.01972124112379725,1.6826438891961306
2020-07-30,0.00029156603859070707,1.6829354552347213
2020-07-31,0.002579613044127571,1.685515068278849
2020-08-03,0.013181968426346113,1.698697036705195
2020-08-04,0.0020481171515469576,1.700745153856742
2020-08-05,-0.0026148672782657645,1.6981302865784762
2020-08-06,-0.00364065655857293,1.6944896300199033
2020-08-07,0.0008455805869034272,1.6953352106068067
2020-08-10,-0.019406695314330147,1.6759285152924766
2020-08-11,-0.02870704982755501,1.6472214654649215
2020-08-12,0.031869492644277964,1.6790909581091995
2020-08-13,0.003938899514875027,1.6830298576240745
2020-08-14,-0.008650654670497193,1.6743792029535773
2020-08-17,0.01443020119151539,1.6888094041450927
2020-08-18,0.001171766619010306,1.689981170764103
2020-08-19,-0.0029763275879661766,1.6870048431761369
2020-08-20,-0.004217455401017922,1.682787387775119
2020-08-21,0.0020669627176785887,1.6848543504927975
2020-08-24,-0.004633498075508946,1.6802208524172886
2020-08-25,0.012389208494283377,1.692610060911572
2020-08-26,-0.0019704806944735864,1.6906395802170984
2020-08-27,0.00020623264767216654,1.6908458128647705
2020-08-28,0.0012211382501989831,1.6920669511149695
2020-08-31,0.02316153583330216,1.7152284869482717
2020-09-01,-0.00616120391584829,1.7090672830324234
2020-09-02,0.04268879854465024,1.7517560815770736
2020-09-03,-0.06415459485762898,1.6876014867194447
2020-09-04,-0.018725043281818676,1.668876443437626
2020-09-08,-0.011012721194797015,1.657863722242829
2020-09-09,0.042770853790188745,1.7006345760330177
2020-09-10,-0.010709022405427149,1.6899255536275906
2020-09-11,-0.003183014847450094,1.6867425387801405
2020-09-14,0.024182335448486025,1.7109248742286265
2020-09-15,0.02162901091408065,1.7325538851427071
2020-09-16,-0.015451816434061127,1.717102068708646
2020-09-17,-0.028825926739656227,1.6882761419689898
2020-09-18,-0.00482149815805899,1.6834546438109308
2020-09-21,-0.009478088402862683,1.6739765554080681
2020-09-22,0.00763797086744078,1.681614526275509
2020-09-23,-0.03218024821722887,1.64943427805828
2020-09-24,0.0005541634907746396,1.6499884415490547
2020-09-25,0.034183372085740515,1.6841718136347952
2020-09-28,0.012542967005230166,1.6967147806400253
2020-09-29,0.004722736196506538,1.7014375168365319
2020-09-30,0.008120888355624967,1.7095584051921568
2020-10-01,0.007892622313306674,1.7174510275054635
2020-10-02,-0.011578901179711165,1.7058721263257524
2020-10-05,0.03588954360663621,1.7417616699323886
2020-10-06,0.006212274455197342,1.747973944387586
2020-10-07,0.010533889705717225,1.7585078340933031
2020-10-08,0.01085148626426724,1.7693593203575704
2020-10-09,0.021873187481969092,1.7912325078395395
2020-10-12,0.013872808365497535,1.805105316205037
2020-10-13,-0.008642725745764857,1.7964625904592721
2020-10-14,-0.017726167011521854,1.7787364234477503
2020-10-15,0.005771822325026488,1.7845082457727768
2020-10-16,0.013499431706228027,1.7980076774790048
2020-10-19,-0.023999594563657523,1.7740080829153473
2020-10-20,0.0061634521246685114,1.7801715350400158
2020-10-21,-0.0024384965728867503,1.777733038467129
2020-10-22,0.0011907678882689954,1.778923806355398
2020-10-23,0.012775274647910395,1.7916990810033084
2020-10-26,-0.006254344483715535,1.785444736519593
2020-10-27,0.015366076855809041,1.800810813375402
2020-10-28,-0.042620277247350735,1.7581905361280512
2020-10-29,-0.0050592624434988576,1.7531312736845523
2020-10-30,-0.011459850058965992,1.7416714236255864
2020-11-02,0.026715838685955617,1.768387262311542
2020-11-03,0.027003343864812734,1.7953906061763547
2020-11-04,0.030504885028355133,1.8258954912047098
2020-11-05,0.015005739389581052,1.840901230594291
2020-11-06,0.01530616901403814,1.856207399608329
2020-11-09,-0.048368013326064,1.807839386282265
2020-11-10,-0.004210729962339066,1.803628656319926
2020-11-11,0.014029960455070656,1.8176586167749966
2020-11-12,0.00250459264627656,1.8201632094212732
2020-11-13,0.006133072547586105,1.8262962819688593
2020-11-16,0.01264872709105136,1.8389450090599107
2020-11-17,-0.03741470189211005,1.8015303071678006
2020-11-18,-0.043560058629948495,1.757970248537852
2020-11-19,-0.000273764901283835,1.7576964836365683
2020-11-20,0.007725273662329446,1.7654217572988977
2020-11-23,-0.020774537380163993,1.7446472199187337
2020-11-24,-0.017561286845526602,1.7270859330732071
2020-11-25,0.003070404350291378,1.7301563374234985
2020-11-27,0.02083163725575088,1.7509879746792494
2020-11-30,-0.003831930499760494,1.7471560441794889
2020-12-01,0.008710764970740525,1.7558668091502294
2020-12-02,-0.0016353769420380804,1.7542314322081913
2020-12-03,-0.015960778859295255,1.738270653348896
2020-12-04,-0.007606744175069791,1.7306639091738263
2020-12-07,-0.0021660601266662027,1.72849784904716
2020-12-08,0.005155138478970311,1.7336529875261304
2020-12-09,-0.02011645319265387,1.7135365343334765
2020-12-10,0.003082289873423294,1.7166188242068998
2020-12-11,-5.591804287119473e-05,1.7165629061640286
2020-12-14,0.0033205769443518385,1.7198834831083805
2020-12-15,0.015389831243971752,1.7352733143523522
2020-12-16,-0.006774803621087511,1.7284985107312647
2020-12-17,0.016451336152263796,1.7449498468835285
2020-12-18,0.007500591339098195,1.7524504382226267
2020-12-21,-0.013422705737363039,1.7390277324852637
2020-12-22,0.008772751733860717,1.7478004842191244
2020-12-23,-0.009175805138505355,1.738624679080619
2020-12-24,0.009343336666300717,1.7479680157469197
2020-12-28,-0.0032848104371676623,1.744683205309752
2020-12-29,0.0017534167609167817,1.7464366220706689
2020-12-30,0.0037978844186083993,1.7502345064892773
2020-12-31,0.020440412182245238,1.7706749186715225
2021-01-04,-0.013677296287999852,1.7569976223835226
2021-01-05,0.009706447160329423,1.766704069543852
2021-01-06,0.02763286887995431,1.7943369384238064
2021-01-07,0.015607889227394978,1.8099448276512013
2021-01-08,0.00671460766523424,1.8166594353164356
2021-01-11,-0.017568087279278277,1.7990913480371573
2021-01-12,-0.022669746415553638,1.7764216016216037
2021-01-13,0.00564812559745409,1.7820697272190578
2021-01-14,-0.011257317490628749,1.770812409728429
2021-01-15,0.01133618520581603,1.782148594934245
2021-01-19,0.0038436880413901253,1.7859922829756352
2021-01-20,0.0196518116836093,1.8056440946592445
2021-01-21,-0.014989229680447913,1.7906548649787966
2021-01-22,-0.0035625853843277433,1.7870922795944688
2021-01-25,0.012079615756526607,1.7991718953509954
2021-01-26,-0.011213511609850624,1.7879583837411448
2021-01-27,-0.01984599397868303,1.7681123897624618
2021-01-28,0.013601412140965774,1.7817138019034275
2021-01-29,-0.01041054493844995,1.7713032569649776
2021-02-01,0.0050709638440873395,1.776374220809065
2021-02-02,-0.0005174723292222794,1.7758567484798427
2021-02-03,-0.016832509213488667,1.759024239266354
2021-02-04,0.0029009752558870616,1.761925214522241
2021-02-05,-0.0015731094774735777,1.7603521050447675
2021-02-08,0.0027911361669130663,1.7631432412116805
2021-02-09,-0.0025690740027191072,1.7605741672089614
2021-02-10,0.001846032800275843,1.7624202000092373
2021-02-11,-0.016757084945125067,1.7456631150641122
2021-02-12,0.01646772984114797,1.7621308449052602
2021-02-16,-0.017820758877518994,1.7443100860277412
2021-02-17,-0.0015889632278724974,1.7427211227998687
2021-02-18,0.008511700370045894,1.7512328231699146
2021-02-19,-0.02721627445868302,1.7240165487112316
2021-02-22,-0.038766656018610623,1.685249892692621
2021-02-23,0.010550396730250267,1.6958002894228712
2021-02-24,0.005790611180765737,1.701590900603637
2021-02-25,-0.016343940121296807,1.6852469604823401
2021-02-26,0.003940491641333255,1.6891874521236734
2021-03-01,0.02345804345200797,1.7126454955756814
2021-03-02,-0.011075779258626017,1.7015697163170553
2021-03-03,-0.0327158236808307,1.6688538926362246
2021-03-04,-0.0286101125285525,1.6402437801076721
2021-03-05,0.027522629219290273,1.6677664093269624
2021-03-08,-0.0008757886923935754,1.6668906206345688
2021-03-09,0.02299713201004905,1.6898877526446179
2021-03-10,0.0061728836354413286,1.6960606362800592
2021-03-11,0.016523736685995605,1.7125843729660548
2021-03-12,0.006156468574632035,1.7187408415406868
2021-03-15,0.014065507421158419,1.7328063489618453
2021-03-16,-0.007537916396848532,1.7252684325649967
2021-03-17,-0.008338159736735351,1.7169302728282614
2021-03-18,-0.005193796049347998,1.7117364767789134
2021-03-19,0.024128212235586366,1.7358646890144998
2021-03-22,0.010422978538007444,1.7462876675525072
2021-03-23,0.01787089188911084,1.764158559441618
2021-03-24,-0.013775727581600616,1.7503828318600174
2021-03-25,0.0001232967247573047,1.7505061285847747
2021-03-26,0.020411077841276937,1.7709172064260517
2021-03-29,0.010923031053674315,1.781840237479726
2021-03-30,-0.02029542346016666,1.7615448140195593
2021-03-31,0.012052427845575364,1.7735972418651347
2021-04-01,0.009468115165672142,1.7830653570308068
2021-04-05,0.017690262328275974,1.8007556193590828
2021-04-06,0.008634781149087445,1.8093904005081702
2021-04-07,-0.01004218177639582,1.7993482187317744
2021-04-08,0.006266994559259942,1.8056152132910344
2021-04-09,0.01545513036046775,1.821070343651502
2021-04-12,0.00381626184498729,1.8248866054964894
2021-04-13,0.022559676898612713,1.8474462823951021
2021-04-14,-0.013411918849417281,1.8340343635456848
2021-04-15,0.04172215981571359,1.8757565233613984
2021-04-16,0.015903234395894028,1.8916597577572924
2021-04-19,0.0025396399172779027,1.8941993976745704
2021-04-20,0.0187182704451343,1.9129176681197047
2021-04-21,0.004023165816565255,1.91694083393627
2021-04-22,0.007091726316253988,1.924032560252524
2021-04-23,0.012679279225261908,1.9367118394777858
2021-04-26,-0.013736610377275582,1.9229752291005102
2021-04-27,-0.003810424476821561,1.9191648046236887
2021-04-28,-0.003286082300894888,1.9158787223227938
2021-04-29,0.014506402483167147,1.930385124805961
2021-04-30,0.009057178708975266,1.9394423035149362
2021-05-03,0.009484188002226945,1.9489264915171631
2021-05-04,-0.006764165107342235,1.942162326409821
2021-05-05,-0.0012783023631552926,1.9408840240466656
2021-05-06,0.006828893007228443,1.947712917053894
2021-05-07,0.00989272345914971,1.9576056405130438
2021-05-10,0.003967907068092025,1.9615735475811358
2021-05-11,-0.02120049759414777,1.940373049986988
2021-05-12,-0.03785804293681139,1.9025150070501766
2021-05-13,0.026325705777312303,1.928840712827489
2021-05-14,0.01753058165297494,1.9463712944804639
2021-05-17,-0.01662576932714588,1.929745525153318
2021-05-18,-0.007682739430090679,1.9220627857232273
2021-05-19,-0.0033547906860265098,1.9187079950372008
2021-05-20,0.02182754562897471,1.9405355406661755
2021-05-21,0.005484720373430285,1.9460202610396058
2021-05-24,0.006198529412106968,1.9522187904517128
2021-05-25,0.0028044542554250818,1.9550232447071378
2021-05-26,-0.0033398554210561926,1.9516833892860816
2021-05-27,0.0017360594599635792,1.9534194487460452
2021-05-28,0.010710149312658457,1.9641295980587037
2021-06-01,-0.018667730815839167,1.9454618672428645
2021-06-02,-0.008633155047801822,1.9368287121950627
2021-06-03,-0.0012093932212846603,1.935619318973778
2021-06-04,0.003005001630766113,1.9386243206045441
2021-06-07,-0.004402189246164756,1.9342221313583794
2021-06-08,-0.006560262959200314,1.927661868399179
2021-06-09,0.010819969661480355,1.9384818380606594
2021-06-10,0.01915220121147887,1.9576340392721383
2021-06-11,0.005720995623263114,1.9633550348954014
2021-06-14,0.0025003736364446194,1.965855408531846
2021-06-15,0.004627289510986232,1.9704826980428323
2021-06-16,-0.00893801701901964,1.9615446810238126
2021-06-17,0.017530952500294905,1.9790756335241075
2021-06-18,-0.01710323536498648,1.961972398159121
2021-06-21,0.02678666801430718,1.9887590661734282
2021-06-22,0.006582118633063683,1.995341184806492
2021-06-23,-0.014366176780497009,1.980975008025995
2021-06-24,0.005193473541230231,1.9861684815672251
2021-06-25,0.00814799468788241,1.9943164762551076
2021-06-28,0.014698731625522266,2.00901520788063
2021-06-29,-0.010571245240078797,1.998443962640551
2021-06-30,-0.006733152377727647,1.9917108102628234
2021-07-01,0.016488268089124958,2.0081990783519483
2021-07-02,0.012322814985769703,2.020521893337718
2021-07-06,0.010816884167020202,2.0313387775047382
2021-07-07,0.018998114811411337,2.0503368923161496
2021-07-08,-0.000660410879136375,2.049676481437013
2021-07-09,0.006787298968644606,2.056463780405658
2021-07-12,0.0076296525048102914,2.064093432910468
2021-07-13,-0.008938537578376593,2.0551548953320915
2021-07-14,-0.0020614596825900833,2.0530934356495014
2021-07-15,0.007045887290230368,2.060139322939732
2021-07-16,0.008323228367710822,2.0684625513074426
2021-07-19,-0.01893637370329282,2.04952617760415
2021-07-20,0.006454914735771311,2.055981092339921
2021-07-21,-0.015265552160439011,2.040715540179482
2021-07-22,0.014490256058208306,2.0552057962376904
2021-07-23,0.0316097845038632,2.0868155807415536
2021-07-26,-0.004582487243250277,2.0822330934983033
2021-07-27,0.01906334679361299,2.1012964402919163
2021-07-28,-0.004900755689654979,2.0963956846022613
2021-07-29,0.041388436317447486,2.137784120919709
2021-07-30,0.0055506094588393395,2.143334730378548
2021-08-02,0.008255368557355425,2.1515900989359036
2021-08-03,0.024689428289681903,2.1762795272255855
2021-08-04,0.01934358790748636,2.195623115133072
2021-08-05,0.001185979646520341,2.196809094779592
2021-08-06,-0.005193725807751015,2.191615368971841
2021-08-09,0.005066145388938459,2.1966815143607796
2021-08-10,-0.008067164018051631,2.188614350342728
2021-08-11,-0.006455590174033965,2.182158760168694
2021-08-12,0.01561136416058595,2.19777012432928
2021-08-13,0.016977535286212486,2.2147476596154925
2021-08-16,0.02831149574030567,2.243059155355798
2021-08-17,-0.00768758274711745,2.2353715726086807
2021-08-18,-0.015275147308100756,2.22009642530058
2021-08-19,0.01646646764362414,2.236562892944204
2021-08-20,0.010689804444062645,2.2472526973882667
2021-08-23,-0.02106175559542267,2.226190941792844
2021-08-24,-0.007708690323680933,2.218482251469163
2021-08-25,0.01016934988653917,2.2286516013557023
2021-08-26,-0.0065240702673228235,2.2221275310883795
2021-08-27,0.004318987242198702,2.226446518330578
2021-08-30,0.020804347546353963,2.247250865876932
2021-08-31,-0.008594962198157141,2.238655903678775
2021-09-01,0.01061963480959438,2.2492755384883694
2021-09-02,0.022984139014309957,2.2722596775026793
2021-09-03,0.003450031150975974,2.2757097086536553
2021-09-07,-0.021199518224655822,2.2545101904289995
2021-09-08,0.031085104127240193,2.2855952945562397
2021-09-09,-0.019445432187049416,2.2661498623691902
2021-09-10,-0.008894550711080917,2.2572553116581093
2021-09-13,-0.04777339631371369,2.2094819153443956
2021-09-14,0.013554274633290841,2.2230361899776865
2021-09-15,-0.005020851170332463,2.218015338807354
2021-09-16,-0.005742574008310797,2.2122727647990432
2021-09-17,-0.018676857134972025,2.193595907664071
2021-09-20,-0.013086689825433595,2.1805092178386376
2021-09-21,0.006764496342915205,2.187273714181553
2021-09-22,0.0006213376501298384,2.1878950518316826
2021-09-23,0.015162097648789619,2.2030571494804723
2021-09-24,0.000474566763116524,2.203531716243589
2021-09-27,-0.05649936475611028,2.1470323514874785
2021-09-28,-0.04760373236556248,2.099428619121916
2021-09-29,0.01423948746113135,2.1136681065830474
2021-09-30,-0.032448546094363984,2.0812195604886834
2021-10-01,-0.007321838689104521,2.073897721799579
